class,precision,recall,f1-score,support
0,0.9998558090912368,0.9755557118739449,0.9875562992896944,56864.0
1,0.060810810810810814,0.9183673469387755,0.11406844106463879,98.0
