class,precision,recall,f1-score,support
0,0.9993847343810428,0.9997713843556556,0.9995780219780219,56864.0
1,0.8289473684210527,0.6428571428571429,0.7241379310344828,98.0
