model,fraud_precision,fraud_recall,fraud_f1_score,fraud_support
Baseline,0.8289473684210527,0.6428571428571429,0.7241379310344828,98.0
Balanced,0.0608108108108108,0.9183673469387756,0.1140684410646387,98.0
