model,class,precision,recall,f1_score,support
Baseline,0,0.9993847343810428,0.9997713843556556,0.999578021978022,56864.0
Baseline,1,0.8289473684210527,0.6428571428571429,0.7241379310344828,98.0
Balanced,0,0.9998558090912368,0.9755557118739449,0.9875562992896944,56864.0
Balanced,1,0.0608108108108108,0.9183673469387756,0.1140684410646387,98.0
