{
  "timestamp": "2026-01-30T11:47:16.896995",
  "total_cases": 284807,
  "true_fraud": 492,
  "models": {
    "LogisticRegression": {
      "model": "LogisticRegression",
      "predicted_fraud": 362,
      "tp": 317,
      "fp": 45,
      "fn": 175,
      "tn": 284270,
      "precision": 0.8756906077348067,
      "recall": 0.6443089430894309
    },
    "RandomForest": {
      "model": "RandomForest",
      "predicted_fraud": 480,
      "tp": 475,
      "fp": 5,
      "fn": 17,
      "tn": 284310,
      "precision": 0.9895833333333334,
      "recall": 0.9654471544715447
    }
  }
}